<?xml version="1.0" encoding="UTF-8" standalone="yes"?>
<app version="1">
	<name>Supersonic Wii : Winter Edition</name>
	<coder>Aaron "AerialX"</coder>
	<version>0.05</version>
	<release_date>20090119000000</release_date>
	<short_description>Music-Rhythm Game</short_description>
	<long_description>Supersonic Wii is a music rhythm game where the player needs to hit buttons in sync with the music being played. Called "space button Guitar Hero" by some, you play one part of the song at a time (focus on one instrument at a time, for example drums) until you've played it enough to continue on and try another. The sound for each instrument track only plays if you are successful at playing the pattern.


For control schemes and more information, consult the Readme included with this game, or visit http://supersonicwii.com/about for the online readme.</long_description>
</app>
