<importdata>
	<global>
		<idprefix>gh1</idprefix>
		<nameprefix>[GH1]</nameprefix>
		<version>1</version>
		<difficulty instrument="guitar" rank="1" />
		<difficulty instrument="drums" rank="1" />
	</global>
	<addsong id="advharmony" />
	<addsong id="graveyardshift" />
	<song id="advharmony">
		<id>trippolette</id>
		<name>Trippolette</name>
		<artist>Andrew Buch</artist>
		<year>2005</year>
		<genre>prog</genre>
		<difficulty instrument="guitar" rank="450" />
		<difficulty instrument="band" rank="470" />
	</song>
	<song id="graveyardshift">
		<name>Graveyard Shift</name>
		<artist>Aaron</artist>
		<year>2005</year>
		<genre>Alternative</genre>
		<difficulty instrument="guitar" rank="270" />
		<difficulty instrument="band" rank="290" />
	</song>
	<song id="allofthis">
		<album>Paper Sun</album>
		<genre>Alternative</genre>
		<year>2006</year>
		<track>3</track>
	</song>
	<song id="behindthemask">
		<album>The Way and Its Power</album>
		<genre>Rock</genre>
		<year>2005</year>
		<track>7</track>
	</song>
	<song id="breakingwheel">
		<album>The Breaking Wheel</album>
		<genre>Metal</genre>
		<year>2005</year>
		<track>1</track>
	</song>
	<song id="callout">
		<album>...Go Down Swinging!</album>
		<genre>Rock</genre>
		<year>2006</year>
		<track>2</track>
	</song>
	<song id="cavemanrejoice">
		<album>Sharpen Your Sticks</album>
		<genre>Rock</genre>
		<year>2005</year>
		<track>6</track>
	</song>
	<song id="cheatonthechurch">
		<album>Greatest Hits Volume 1</album>
		<genre>Metal</genre>
		<year>2006</year>
		<track>3</track>
	</song>
	<song id="decontrol">
		<album>Orchids and Ammunition</album>
		<genre>Alternative</genre>
		<year>2006</year>
		<track>3</track>
	</song>
	<song id="eureka">
		<album>Cream of the Crust</album>
		<genre>Rock</genre>
		<year>2006</year>
		<track>3</track>
	</song>
	<song id="evenrats">
		<album>Eisenhower</album>
		<genre>Rock</genre>
		<year>2006</year>
		<track>2</track>
	</song>
	<song id="farewellmyth">
		<album>Zodiac Zoo</album>
		<genre>Alternative</genre>
		<year>2005</year>
		<track>1</track>
		<vocalist>female</vocalist>
	</song>
	<song id="fireitup">
		<album>Mafia</album>
		<genre>Rock</genre>
		<year>2005</year>
		<track>1</track>
	</song>
	<song id="flyonthewall">
		<album>Longhair Music</album>
		<genre>Rock</genre>
		<year>2006</year>
		<track>1</track>
	</song>
	<song id="getready2rokk">
		<album>Freezepop Forever</album>
		<genre>Rock</genre>
		<year>2000</year>
		<track>4</track>
		<vocalist>female</vocalist>
	</song>
	<song id="guitarhero">
		<album>Guitar Hero</album>
		<genre>Rock</genre>
		<year>2005</year>
		<track>1</track>
	</song>
	<song id="hey">
		<album>Second and Eighteen</album>
		<genre>Rock</genre>
		<year>2004</year>
		<track>1</track>
	</song>
	<song id="sailyourshipby">
		<album>Little Minds</album>
		<genre>Alternative</genre>
		<year>2005</year>
		<track>6</track>
	</song>
	<song id="storyofmylove">
		<album>The Story of My Love</album>
		<genre>Alternative</genre>
		<year>2003</year>
		<track>4</track>
	</song>
	<song id="aceofspades">
		<genre>Metal</genre>
		<year>1980</year>
		<master>false</master>
		<difficulty instrument="band" rank="460" />
		<difficulty instrument="guitar" rank="460" />
	</song>
	<song id="barkatthemoon">
		<genre>Metal</genre>
		<year>1983</year>
		<master>false</master>
		<difficulty instrument="band" rank="580" />
		<difficulty instrument="guitar" rank="580" />
	</song>
	<song id="cochise">
		<genre>Rock</genre>
		<year>2002</year>
		<master>false</master>
		<difficulty instrument="band" rank="360" />
		<difficulty instrument="guitar" rank="360" />
	</song>
	<song id="cowboysfromhell">
		<genre>Metal</genre>
		<year>1990</year>
		<master>false</master>
		<difficulty instrument="band" rank="560" />
		<difficulty instrument="guitar" rank="560" />
	</song>
	<song id="crossroads">
		<genre>Blues</genre>
		<year>1968</year>
		<master>false</master>
		<difficulty instrument="band" rank="480" />
		<difficulty instrument="guitar" rank="480" />
	</song>
	<song id="fatlip">
		<genre>Punk</genre>
		<year>2001</year>
		<master>false</master>
		<difficulty instrument="band" rank="340" />
		<difficulty instrument="guitar" rank="340" />
	</song>
	<song id="frankenstein">
		<genre>Rock</genre>
		<year>1973</year>
		<master>false</master>
		<difficulty instrument="band" rank="540" />
		<difficulty instrument="guitar" rank="540" />
	</song>
	<song id="godzilla">
		<genre>Rock</genre>
		<year>1977</year>
		<master>false</master>
		<difficulty instrument="band" rank="500" />
		<difficulty instrument="guitar" rank="500" />
	</song>
	<song id="heartfullofblack">
		<genre>Alternative</genre>
		<year>2004</year>
		<master>false</master>
		<difficulty instrument="band" rank="240" />
		<difficulty instrument="guitar" rank="240" />
	</song>
	<song id="heyyou">
		<genre>Alternative</genre>
		<year>2004</year>
		<master>false</master>
		<difficulty instrument="band" rank="260" />
		<difficulty instrument="guitar" rank="260" />
	</song>
	<song id="higherground">
		<genre>Alternative</genre>
		<year>1989</year>
		<master>false</master>
		<difficulty instrument="band" rank="420" />
		<difficulty instrument="guitar" rank="420" />
	</song>
	<song id="iloverockandroll">
		<genre>Rock</genre>
		<year>1982</year>
		<master>false</master>
		<vocalist>female</vocalist>
		<difficulty instrument="band" rank="20" />
		<difficulty instrument="guitar" rank="20" />
	</song>
	<song id="iwannabesedated">
		<genre>Punk</genre>
		<year>1978</year>
		<master>false</master>
		<difficulty instrument="band" rank="40" />
		<difficulty instrument="guitar" rank="40" />
	</song>
	<song id="infected">
		<genre>Punk</genre>
		<year>1994</year>
		<master>false</master>
		<difficulty instrument="band" rank="100" />
		<difficulty instrument="guitar" rank="100" />
	</song>
	<song id="ironman">
		<genre>Metal</genre>
		<year>1970</year>
		<master>false</master>
		<difficulty instrument="band" rank="120" />
		<difficulty instrument="guitar" rank="120" />
	</song>
	<song id="killerqueen">
		<genre>Classic Rock</genre>
		<year>1974</year>
		<master>false</master>
		<difficulty instrument="band" rank="220" />
		<difficulty instrument="guitar" rank="220" />
	</song>
	<song id="morethanafeeling">
		<genre>Classic Rock</genre>
		<year>1976</year>
		<master>false</master>
		<difficulty instrument="band" rank="140" />
		<difficulty instrument="guitar" rank="140" />
	</song>
	<song id="nooneknows">
		<genre>Rock</genre>
		<year>2002</year>
		<master>false</master>
		<difficulty instrument="band" rank="440" />
		<difficulty instrument="guitar" rank="440" />
	</song>
	<song id="sharpdressedman">
		<genre>Rock</genre>
		<year>1983</year>
		<master>false</master>
		<difficulty instrument="band" rank="200" />
		<difficulty instrument="guitar" rank="200" />
	</song>
	<song id="spanishcastlemagic">
		<genre>Rock</genre>
		<year>1967</year>
		<master>false</master>
		<difficulty instrument="band" rank="400" />
		<difficulty instrument="guitar" rank="400" />
	</song>
	<song id="stellar">
		<genre>Alternative</genre>
		<year>2000</year>
		<master>false</master>
		<difficulty instrument="band" rank="280" />
		<difficulty instrument="guitar" rank="280" />
	</song>
	<song id="symphofdestruction">
		<genre>Metal</genre>
		<year>1992</year>
		<master>false</master>
		<difficulty instrument="band" rank="300" />
		<difficulty instrument="guitar" rank="300" />
	</song>
	<song id="takeitoff">
		<genre>Rock</genre>
		<year>2002</year>
		<master>false</master>
		<vocalist>female</vocalist>
		<difficulty instrument="band" rank="360" />
		<difficulty instrument="guitar" rank="360" />
	</song>
	<song id="takemeout">
		<genre>Punk</genre>
		<year>2004</year>
		<master>false</master>
		<difficulty instrument="band" rank="180" />
		<difficulty instrument="guitar" rank="180" />
	</song>
	<song id="texasflood">
		<genre>Blues</genre>
		<year>1983</year>
		<master>false</master>
		<difficulty instrument="band" rank="520" />
		<difficulty instrument="guitar" rank="520" />
	</song>
	<song id="thunderkiss65">
		<genre>Metal</genre>
		<year>1992</year>
		<master>false</master>
		<difficulty instrument="band" rank="60" />
		<difficulty instrument="guitar" rank="60" />
	</song>
	<song id="unsung">
		<genre>Metal</genre>
		<year>1992</year>
		<master>false</master>
		<difficulty instrument="band" rank="380" />
		<difficulty instrument="guitar" rank="380" />
	</song>
	<song id="yougotanotherthingcomin">
		<genre>Metal</genre>
		<year>1982</year>
		<master>false</master>
		<difficulty instrument="band" rank="160" />
		<difficulty instrument="guitar" rank="160" />
	</song>
	<song id="ziggystardust">
		<genre>Glam</genre>
		<year>1972</year>
		<master>false</master>
		<difficulty instrument="band" rank="320" />
		<difficulty instrument="guitar" rank="320" />
	</song>
	<song id="smokeonthewater">
		<genre>Rock</genre>
		<year>1982</year>
		<master>false</master>
		<difficulty instrument="band" rank="80" />
		<difficulty instrument="guitar" rank="80" />
	</song>
</importdata>
