<importdata>
	<global>
		<idprefix>gh80</idprefix>
		<nameprefix>[GH80s]</nameprefix>
		<version>1</version>
		<difficulty instrument="guitar" rank="1" />
		<difficulty instrument="bass" rank="1" />
		<difficulty instrument="drum" rank="1" />
	</global>
	<song id="becauseitsmidnite">
		<album>Strong Bad Sings (and Other Type Hits)</album>
		<genre>glam</genre>
		<year>2003</year>
		<track>5</track>
		<difficulty instrument="band" rank="250" />
		<difficulty instrument="guitar" rank="250" />
		<difficulty instrument="bass" rank="250" />
		<solo start="gtr_solo_a" end="bridge" />
	</song>
	<song id="electriceye">
		<album>Screaming for Vengeance</album>
		<genre>metal</genre>
		<year>1982</year>
		<track>2</track>
		<difficulty instrument="band" rank="640" />
		<difficulty instrument="guitar" rank="640" />
		<difficulty instrument="bass" rank="640" />
		<solo start="gtr_solo_a" end="bridge_a" />
	</song>
	<song id="iran">
		<album>A Flock of Seagulls</album>
		<genre>new_wave</genre>
		<year>1982</year>
		<track>1</track>
		<difficulty instrument="band" rank="75" />
		<difficulty instrument="guitar" rank="75" />
		<difficulty instrument="bass" rank="75" />
		<solo start="gtr_solo_1a" end="verse_3" />
		<solo start="gtr_solo_2a" end="gtr_solo_2c" endoffset="16" />
	</song>
	<song id="iwannarock">
		<album>Stay Hungry</album>
		<genre>metal</genre>
		<year>1984</year>
		<track>5</track>
		<difficulty instrument="band" rank="375" />
		<difficulty instrument="guitar" rank="375" />
		<difficulty instrument="bass" rank="375" />
		<solo start="gtr_solo_1a" end="chorus_4" />
		<solo start="gtr_solo_2a" end="gtr_solo_2c" endoffset="27" />
	</song>
	<song id="thewarrior">
		<album>The Warrior</album>
		<genre>poprock</genre>
		<year>1984</year>
		<track>1</track>
		<vocalist>female</vocalist>
		<difficulty instrument="band" rank="350" />
		<difficulty instrument="guitar" rank="350" />
		<difficulty instrument="bass" rank="350" />
		<solo start="gtr_solo_1a" end="chorus_3" />
	</song>
	<song id="18andlife">
		<genre>metal</genre>
		<year>1989</year>
		<master>false</master>
		<difficulty instrument="band" rank="125" />
		<difficulty instrument="guitar" rank="125" />
		<difficulty instrument="bass" rank="125" />
		<solo start="gtr_solo_a" end="chorus_3a" />
	</song>
	<song id="aintnothinbut">
		<genre>glam</genre>
		<year>1988</year>
		<master>false</master>
		<difficulty instrument="band" rank="525" />
		<difficulty instrument="guitar" rank="525" />
		<difficulty instrument="bass" rank="525" />
		<solo start="gtr_solo_a" end="gtr_hook" />
	</song>
	<song id="ballroomblitz">
		<genre>rock</genre>
		<year>1984</year>
		<master>false</master>
		<difficulty instrument="band" rank="450" />
		<difficulty instrument="guitar" rank="450" />
		<difficulty instrument="bass" rank="450" />
		<solo start="gtr_solo_1a" end="verse_3" endoffset="15" />
		<solo start="gtr_solo_2" />
	</song>
	<song id="ballstothewall">
		<genre>metal</genre>
		<year>1984</year>
		<master>false</master>
		<difficulty instrument="band" rank="100" />
		<difficulty instrument="guitar" rank="100" />
		<difficulty instrument="bass" rank="100" />
		<solo start="gtr_solo_a" end="bridge_a" />
	</song>
	<song id="bangyourhead">
		<genre>metal</genre>
		<year>1983</year>
		<master>false</master>
		<difficulty instrument="band" rank="25" />
		<difficulty instrument="guitar" rank="25" />
		<difficulty instrument="bass" rank="25" />
		<solo start="gtr_solo_1a" end="chorus_3" endoffset="-2" />
		<solo start="gtr_solo_2a" end="ending" />
	</song>
	<song id="bathroomwall">
		<genre>glam</genre>
		<year>1987</year>
		<master>false</master>
		<difficulty instrument="band" rank="575" />
		<difficulty instrument="guitar" rank="575" />
		<difficulty instrument="bass" rank="575" />
		<solo start="gtr_solo_a" end="verse_3a" />
	</song>
	<song id="caughtinamosh">
		<genre>metal</genre>
		<year>1987</year>
		<master>false</master>
		<difficulty instrument="band" rank="700" />
		<difficulty instrument="guitar" rank="700" />
		<difficulty instrument="bass" rank="700" />
		<solo start="gtr_solo_a" startoffset="-0.5" end="verse_3" />
	</song>
	<song id="heatofthemoment">
		<genre>prog</genre>
		<year>1982</year>
		<master>false</master>
		<difficulty instrument="band" rank="200" />
		<difficulty instrument="guitar" rank="200" />
		<difficulty instrument="bass" rank="200" />
		<solo start="gtr_solo_a" end="outro" />
	</song>
	<song id="holdonloosely">
		<genre>rock</genre>
		<year>1981</year>
		<master>false</master>
		<difficulty instrument="band" rank="325" />
		<difficulty instrument="guitar" rank="325" />
		<difficulty instrument="bass" rank="325" />
		<solo start="gtr_solo_a" end="gtr_solo_h" endoffset="18" />
	</song>
	<song id="holydiver">
		<genre>metal</genre>
		<year>1983</year>
		<master>false</master>
		<difficulty instrument="band" rank="275" />
		<difficulty instrument="guitar" rank="275" />
		<difficulty instrument="bass" rank="275" />
		<solo start="gtr_solo_1a" end="verse_4" />
		<solo start="gtr_solo_2a" end="gtr_solo_2b" endoffset="26" />
	</song>
	<song id="lonelyisthenight">
		<genre>rock</genre>
		<year>1981</year>
		<master>false</master>
		<difficulty instrument="band" rank="550" />
		<difficulty instrument="guitar" rank="550" />
		<difficulty instrument="bass" rank="550" />
		<solo start="gtr_solo_a" end="chorus_3a" />
	</song>
	<song id="losangeles">
		<genre>punk</genre>
		<year>1980</year>
		<master>false</master>
		<difficulty instrument="band" rank="600" />
		<difficulty instrument="guitar" rank="600" />
		<difficulty instrument="bass" rank="600" />
	</song>
	<song id="noonelikeyou">
		<genre>rock</genre>
		<year>1982</year>
		<master>false</master>
		<difficulty instrument="band" rank="150" />
		<difficulty instrument="guitar" rank="150" />
		<difficulty instrument="bass" rank="150" />
		<solo start="gtr_solo_a" end="chorus_3" endoffset="-1" />
	</song>
	<song id="onlyalad">
		<genre>new_wave</genre>
		<year>1981</year>
		<master>false</master>
		<difficulty instrument="band" rank="475" />
		<difficulty instrument="guitar" rank="475" />
		<difficulty instrument="bass" rank="475" />
	</song>
	<song id="playwithme">
		<genre>glam</genre>
		<year>1989</year>
		<master>false</master>
		<difficulty instrument="band" rank="720" />
		<difficulty instrument="guitar" rank="720" />
		<difficulty instrument="bass" rank="720" />
		<solo start="intro_riff" startoffset="-1" end="intro" endoffset="-33" />
		<solo start="gtr_solo_a" end="chorus_5a" />
	</song>
	<song id="policetruck">
		<genre>punk</genre>
		<year>1980</year>
		<master>false</master>
		<difficulty instrument="band" rank="660" />
		<difficulty instrument="guitar" rank="660" />
		<difficulty instrument="bass" rank="660" />
	</song>
	<song id="radarlove">
		<genre>rock</genre>
		<year>1989</year>
		<master>false</master>
		<difficulty instrument="band" rank="225" />
		<difficulty instrument="guitar" rank="225" />
		<difficulty instrument="bass" rank="225" />
		<solo start="gtr_solo_a" end="gtr_solo_f" endoffset="-17" />
		<solo start="gtr_solo_f" end="verse_3a" />
	</song>
	<song id="roundandround">
		<genre>metal</genre>
		<year>1984</year>
		<master>false</master>
		<difficulty instrument="band" rank="500" />
		<difficulty instrument="guitar" rank="500" />
		<difficulty instrument="bass" rank="500" />
		<solo start="gtr_solo_1a" end="verse_3" endoffset="-1" />
		<solo start="gtr_solo_2a" startoffset="0.5" end="outro_a" />
	</song>
	<song id="seventeen">
		<genre>glam</genre>
		<year>1989</year>
		<master>false</master>
		<difficulty instrument="band" rank="680" />
		<difficulty instrument="guitar" rank="680" />
		<difficulty instrument="bass" rank="680" />
		<solo start="gtr_solo_1a" startoffset="1" end="breakdown" endoffset="-1" />
		<solo start="gtr_solo_2a" startoffset="-0.25" end="outro" endoffset="4.5" />
	</song>
	<song id="shakin">
		<genre>rock</genre>
		<year>1982</year>
		<master>false</master>
		<difficulty instrument="band" rank="175" />
		<difficulty instrument="guitar" rank="175" />
		<difficulty instrument="bass" rank="175" />
		<solo start="gtr_solo_a" end="bridge_a" endoffset="-1.5" />
	</song>
	<song id="synchronicity2">
		<genre>rock</genre>
		<year>1983</year>
		<master>false</master>
		<difficulty instrument="band" rank="425" />
		<difficulty instrument="guitar" rank="425" />
		<difficulty instrument="bass" rank="425" />
		<solo start="gtr_solo_1" />
		<solo start="gtr_solo_2" />
	</song>
	<song id="turningjapanese">
		<genre>new_wave</genre>
		<year>1980</year>
		<master>false</master>
		<difficulty instrument="band" rank="300" />
		<difficulty instrument="guitar" rank="300" />
		<difficulty instrument="bass" rank="300" />
	</song>
	<song id="wegotthebeat">
		<genre>new_wave</genre>
		<year>1982</year>
		<master>false</master>
		<difficulty instrument="band" rank="50" />
		<difficulty instrument="guitar" rank="50" />
		<difficulty instrument="bass" rank="50" />
	</song>
	<song id="whatilikeaboutyou">
		<genre>rock</genre>
		<year>1980</year>
		<master>false</master>
		<difficulty instrument="band" rank="400" />
		<difficulty instrument="guitar" rank="400" />
		<difficulty instrument="bass" rank="400" />
		<solo start="gtr_solo_1" end="bridge" endoffset="-1" />
		<solo start="gtr_solo_2a" end="verse_3" />
	</song>
	<song id="wrathchild">
		<genre>metal</genre>
		<year>1981</year>
		<master>false</master>
		<difficulty instrument="band" rank="620" />
		<difficulty instrument="guitar" rank="620" />
		<difficulty instrument="bass" rank="620" />
		<solo start="gtr_solo_1a" startoffset="-0.5" end="gtr_hook" />
	</song>
</importdata>
