<importdata>
	<global>
		<idprefix>ghsh</idprefix>
		<nameprefix>[GHSH]</nameprefix>
		<version>1</version>
		<difficulty instrument="guitar" rank="1" />
		<difficulty instrument="bass" rank="1" />
		<difficulty instrument="drums" rank="1" />
		<difficulty instrument="vox" rank="1" />
	</global>
	<deletesong id="synctest" />
	<deletesong id="synctestplaytoaudio" />
	<deletesong id="synctestaudioandvisual" />
	<deletesong id="synctestmuting" />
	<deletesong id="tenseconddebug" />
	<deletesong id="elevenseconddebug" />
	<deletesong id="twelveseconddebug" />
	<deletesong id="testtones" />
	<deletesong id="Tut_Bass_OpenNote" />
	<deletesong id="Tut_Demo" />
	<deletesong id="Tut_Drum_Activ" />
	<deletesong id="Tut_Drum_Beat1" />
	<deletesong id="Tut_Drum_Beat2" />
	<deletesong id="Tut_Drum_Beat3" />
	<deletesong id="Tut_Drum_Break" />
	<deletesong id="Tut_Drum_Combos" />
	<deletesong id="Tut_Drum_Kick" />
	<deletesong id="Tut_Drum_Free" />
	<deletesong id="Tut_Drum_OneHand" />
	<deletesong id="Tut_Drum_TwoHands" />
	<deletesong id="Tut_Gtr_Chords" />
	<deletesong id="Tut_Gtr_Combos" />
	<deletesong id="Tut_Gtr_DiffNotes" />
	<deletesong id="Tut_Gtr_ExtSus" />
	<deletesong id="Tut_Gtr_HamOn" />
	<deletesong id="Tut_Gtr_LongNotes" />
	<deletesong id="Tut_Gtr_PlayNotes" />
	<deletesong id="Tut_Gtr_PullOff" />
	<deletesong id="Tut_Gtr_Slide" />
	<deletesong id="Tut_Gtr_Tilt" />
	<deletesong id="Tut_Gtr_Wham" />
	<deletesong id="Tut_Vox_Activ" />
	<deletesong id="Tut_Vox_Combos" />
	<deletesong id="Tut_Vox_Freeform" />
	<deletesong id="Tut_Vox_HitNotes" />
	<deletesong id="Tut_Vox_Hype" />
	<deletesong id="Tut_Vox_Spoken" />
	<deletesong id="Tut_VS_BattPow" />
	<deletesong id="Tut_VS_MultAttck" />
	<deletesong id="Tut_VS_Recov" />
	<deletesong id="Tut_VS_Tilt" />
	<deletesong id="DrumStreamTest" />
	<deletesong id="PlaceHolder" />
	<song id="backinthesaddle">
		<name>Back in the Saddle</name>
		<album>Rocks</album>
		<genre>Rock</genre>
		<track>1</track>
		<difficulty instrument="band" rank="230" />
		<difficulty instrument="guitar" rank="230" />
		<difficulty instrument="bass" rank="230" />
		<difficulty instrument="drum" rank="230" />
		<difficulty instrument="vocals" rank="230" />
	</song>
	<song id="barkatthemoon">
		<name>Bark at the Moon</name>
		<album>Bark at the Moon</album>
		<genre>Metal</genre>
		<track>1</track>
		<difficulty instrument="band" rank="390" />
		<difficulty instrument="guitar" rank="390" />
		<difficulty instrument="bass" rank="390" />
		<difficulty instrument="drum" rank="390" />
		<difficulty instrument="vocals" rank="390" />
	</song>
	<song id="barracuda">
		<name>Barracuda</name>
		<album>Little Queen</album>
		<genre>Rock</genre>
		<track>1</track>
		<difficulty instrument="band" rank="320" />
		<difficulty instrument="guitar" rank="320" />
		<difficulty instrument="bass" rank="320" />
		<difficulty instrument="drum" rank="320" />
		<difficulty instrument="vocals" rank="320" />
	</song>
	<song id="beastandtheharlot">
		<name>Beast and the Harlot</name>
		<album>City of Evil</album>
		<genre>Metal</genre>
		<track>1</track>
		<difficulty instrument="band" rank="540" />
		<difficulty instrument="guitar" rank="540" />
		<difficulty instrument="bass" rank="540" />
		<difficulty instrument="drum" rank="540" />
		<difficulty instrument="vocals" rank="540" />
	</song>
	<song id="carryonmywaywardson">
		<name>Carry On Wayward Son</name>
		<album>Leftoverture</album>
		<genre>Prog</genre>
		<track>1</track>
		<difficulty instrument="band" rank="220" />
		<difficulty instrument="guitar" rank="220" />
		<difficulty instrument="bass" rank="220" />
		<difficulty instrument="drum" rank="220" />
		<difficulty instrument="vocals" rank="220" />
	</song>
	<song id="caughtinamosh">
		<name>Caught in a Mosh</name>
		<album>Among the Living</album>
		<genre>Metal</genre>
		<track>2</track>
		<difficulty instrument="band" rank="500" />
		<difficulty instrument="guitar" rank="500" />
		<difficulty instrument="bass" rank="500" />
		<difficulty instrument="drum" rank="500" />
		<difficulty instrument="vocals" rank="500" />
	</song>
	<song id="cherrypie">
		<name>Cherry Pie</name>
		<album>Cherry Pie</album>
		<genre>Glam</genre>
		<track>1</track>
		<difficulty instrument="band" rank="160" />
		<difficulty instrument="guitar" rank="160" />
		<difficulty instrument="bass" rank="160" />
		<difficulty instrument="drum" rank="160" />
		<difficulty instrument="vocals" rank="160" />
	</song>
	<song id="cowboysfromhell">
		<name>Cowboys from Hell (Live)</name>
		<album>Official Live: 101 Proof</album>
		<genre>Metal</genre>
		<track>12</track>
		<difficulty instrument="band" rank="380" />
		<difficulty instrument="guitar" rank="380" />
		<difficulty instrument="bass" rank="380" />
		<difficulty instrument="drum" rank="380" />
		<difficulty instrument="vocals" rank="380" />
	</song>
	<song id="cultofpersonality">
		<name>Cult of Personality</name>
		<album>Vivid</album>
		<genre>Rock</genre>
		<track>1</track>
		<difficulty instrument="band" rank="370" />
		<difficulty instrument="guitar" rank="370" />
		<difficulty instrument="bass" rank="370" />
		<difficulty instrument="drum" rank="370" />
		<difficulty instrument="vocals" rank="370" />
	</song>
	<song id="electriceye">
		<name>Electric Eye</name>
		<album>Screaming for Vengeance</album>
		<genre>Metal</genre>
		<track>2</track>
		<difficulty instrument="band" rank="290" />
		<difficulty instrument="guitar" rank="290" />
		<difficulty instrument="bass" rank="290" />
		<difficulty instrument="drum" rank="290" />
		<difficulty instrument="vocals" rank="290" />
	</song>
	<song id="freebird">
		<name>Free Bird</name>
		<album>(pronounced 'lĕh-'nérd 'skin-'nérd)</album>
		<genre>Southern Rock</genre>
		<track>8</track>
		<difficulty instrument="band" rank="440" />
		<difficulty instrument="guitar" rank="440" />
		<difficulty instrument="bass" rank="440" />
		<difficulty instrument="drum" rank="440" />
		<difficulty instrument="vocals" rank="440" />
	</song>
	<song id="freya">
		<name>Freya</name>
		<album>Age of Winters</album>
		<genre>Metal</genre>
		<track>3</track>
		<difficulty instrument="band" rank="310" />
		<difficulty instrument="guitar" rank="310" />
		<difficulty instrument="bass" rank="310" />
		<difficulty instrument="drum" rank="310" />
		<difficulty instrument="vocals" rank="310" />
	</song>
	<song id="godzilla">
		<name>Godzilla</name>
		<album>Spectres</album>
		<genre>Classic Rock</genre>
		<track>1</track>
		<difficulty instrument="band" rank="110" />
		<difficulty instrument="guitar" rank="110" />
		<difficulty instrument="bass" rank="110" />
		<difficulty instrument="drum" rank="110" />
		<difficulty instrument="vocals" rank="110" />
	</song>
	<song id="heartshapedbox">
		<name>Heart-Shaped Box</name>
		<album>In Utero</album>
		<genre>Grunge</genre>
		<track>3</track>
		<difficulty instrument="band" rank="20" />
		<difficulty instrument="guitar" rank="20" />
		<difficulty instrument="bass" rank="20" />
		<difficulty instrument="drum" rank="20" />
		<difficulty instrument="vocals" rank="20" />
	</song>
	<song id="heyyou">
		<name>Hey You</name>
		<album>Head for the Door</album>
		<genre>Alternative</genre>
		<track>5</track>
		<difficulty instrument="band" rank="180" />
		<difficulty instrument="guitar" rank="180" />
		<difficulty instrument="bass" rank="180" />
		<difficulty instrument="drum" rank="180" />
		<difficulty instrument="vocals" rank="180" />
	</song>
	<song id="hitmewithyourbestshot">
		<name>Hit Me with Your Best Shot</name>
		<album>Crimes of Passion</album>
		<genre>Rock</genre>
		<track>4</track>
		<difficulty instrument="band" rank="30" />
		<difficulty instrument="guitar" rank="30" />
		<difficulty instrument="bass" rank="30" />
		<difficulty instrument="drum" rank="30" />
		<difficulty instrument="vocals" rank="30" />
	</song>
	<song id="iloverockandroll">
		<name>I Love Rock 'n' Roll</name>
		<album>I Love Rock 'n' Roll</album>
		<genre>Rock</genre>
		<track>1</track>
		<difficulty instrument="band" rank="10" />
		<difficulty instrument="guitar" rank="10" />
		<difficulty instrument="bass" rank="10" />
		<difficulty instrument="drum" rank="10" />
		<difficulty instrument="vocals" rank="10" />
	</song>
	<song id="iwannarock">
		<name>I Wanna Rock</name>
		<album>Stay Hungry</album>
		<genre>Rock</genre>
		<track>5</track>
		<difficulty instrument="band" rank="80" />
		<difficulty instrument="guitar" rank="80" />
		<difficulty instrument="bass" rank="80" />
		<difficulty instrument="drum" rank="80" />
		<difficulty instrument="vocals" rank="80" />
	</song>
	<song id="killerqueen">
		<name>Killer Queen</name>
		<album>Sheer Heart Attack</album>
		<genre>Classic Rock</genre>
		<track>2</track>
		<difficulty instrument="band" rank="280" />
		<difficulty instrument="guitar" rank="280" />
		<difficulty instrument="bass" rank="280" />
		<difficulty instrument="drum" rank="280" />
		<difficulty instrument="vocals" rank="280" />
	</song>
	<song id="killinginthenameof">
		<name>Killing in the Name</name>
		<album>Rage Against the Machine</album>
		<genre>Alternative</genre>
		<track>2</track>
		<difficulty instrument="band" rank="140" />
		<difficulty instrument="guitar" rank="140" />
		<difficulty instrument="bass" rank="140" />
		<difficulty instrument="drum" rank="140" />
		<difficulty instrument="vocals" rank="140" />
	</song>
	<song id="laidtorest">
		<name>Laid to Rest</name>
		<album>Ashes of the Wake</album>
		<genre>Metal</genre>
		<track>1</track>
		<difficulty instrument="band" rank="420" />
		<difficulty instrument="guitar" rank="420" />
		<difficulty instrument="bass" rank="420" />
		<difficulty instrument="drum" rank="420" />
		<difficulty instrument="vocals" rank="420" />
	</song>
	<song id="laydown">
		<name>Lay Down</name>
		<album>Hello Master</album>
		<genre>Rock</genre>
		<track>2</track>
		<difficulty instrument="band" rank="120" />
		<difficulty instrument="guitar" rank="120" />
		<difficulty instrument="bass" rank="120" />
		<difficulty instrument="drum" rank="120" />
		<difficulty instrument="vocals" rank="120" />
	</song>
	<song id="messageinabottle">
		<name>Message in a Bottle</name>
		<album>Reggatta de Blanc</album>
		<genre>Pop-Rock</genre>
		<track>1</track>
		<difficulty instrument="band" rank="260" />
		<difficulty instrument="guitar" rank="260" />
		<difficulty instrument="bass" rank="260" />
		<difficulty instrument="drum" rank="260" />
		<difficulty instrument="vocals" rank="260" />
	</song>
	<song id="missmurder">
		<name>Miss Murder</name>
		<album>Decemberunderground</album>
		<genre>Alternative</genre>
		<track>3</track>
		<difficulty instrument="band" rank="200" />
		<difficulty instrument="guitar" rank="200" />
		<difficulty instrument="bass" rank="200" />
		<difficulty instrument="drum" rank="200" />
		<difficulty instrument="vocals" rank="200" />
	</song>
	<song id="monkeywrench">
		<name>Monkey Wrench</name>
		<album>The Colour and the Shape</album>
		<genre>Alternative</genre>
		<track>2</track>
		<difficulty instrument="band" rank="240" />
		<difficulty instrument="guitar" rank="240" />
		<difficulty instrument="bass" rank="240" />
		<difficulty instrument="drum" rank="240" />
		<difficulty instrument="vocals" rank="240" />
	</song>
	<song id="morethanafeeling">
		<name>More than a Feeling</name>
		<album>Boston</album>
		<genre>Classic Rock</genre>
		<track>1</track>
		<difficulty instrument="band" rank="60" />
		<difficulty instrument="guitar" rank="60" />
		<difficulty instrument="bass" rank="60" />
		<difficulty instrument="drum" rank="60" />
		<difficulty instrument="vocals" rank="60" />
	</song>
	<song id="mother">
		<name>Mother</name>
		<album>Danzig</album>
		<genre>Metal</genre>
		<track>6</track>
		<difficulty instrument="band" rank="250" />
		<difficulty instrument="guitar" rank="250" />
		<difficulty instrument="bass" rank="250" />
		<difficulty instrument="drum" rank="250" />
		<difficulty instrument="vocals" rank="250" />
	</song>
	<song id="nooneknows">
		<name>No One Knows</name>
		<album>Songs for the Deaf</album>
		<genre>Alternative</genre>
		<track>2</track>
		<difficulty instrument="band" rank="340" />
		<difficulty instrument="guitar" rank="340" />
		<difficulty instrument="bass" rank="340" />
		<difficulty instrument="drum" rank="340" />
		<difficulty instrument="vocals" rank="340" />
	</song>
	<song id="nothinbutagoodtime">
		<name>Nothin' but a Good Time</name>
		<album>Open Up and Say... Ahh!</album>
		<genre>Classic Rock</genre>
		<track>2</track>
		<difficulty instrument="band" rank="210" />
		<difficulty instrument="guitar" rank="210" />
		<difficulty instrument="bass" rank="210" />
		<difficulty instrument="drum" rank="210" />
		<difficulty instrument="vocals" rank="210" />
	</song>
	<song id="playwithme">
		<name>Play with Me</name>
		<album>Extreme</album>
		<genre>Metal</genre>
		<track>11</track>
		<difficulty instrument="band" rank="480" />
		<difficulty instrument="guitar" rank="480" />
		<difficulty instrument="bass" rank="480" />
		<difficulty instrument="drum" rank="480" />
		<difficulty instrument="vocals" rank="480" />
	</song>
	<song id="psychobillyfreakout">
		<name>Psychobilly Freakout</name>
		<album>Smoke 'em if You Got 'em</album>
		<genre>Alternative</genre>
		<track>6</track>
		<difficulty instrument="band" rank="360" />
		<difficulty instrument="guitar" rank="360" />
		<difficulty instrument="bass" rank="360" />
		<difficulty instrument="drum" rank="360" />
		<difficulty instrument="vocals" rank="360" />
	</song>
	<song id="rainingblood">
		<name>Raining Blood</name>
		<album>Reign in Blood</album>
		<genre>Metal</genre>
		<track>10</track>
		<difficulty instrument="band" rank="520" />
		<difficulty instrument="guitar" rank="520" />
		<difficulty instrument="bass" rank="520" />
		<difficulty instrument="drum" rank="520" />
		<difficulty instrument="vocals" rank="520" />
	</song>
	<song id="rockandrollallnite">
		<name>Rock and Roll All Nite</name>
		<album>Dressed to Kill</album>
		<genre>Classic Rock</genre>
		<track>10</track>
		<difficulty instrument="band" rank="40" />
		<difficulty instrument="guitar" rank="40" />
		<difficulty instrument="bass" rank="40" />
		<difficulty instrument="drum" rank="40" />
		<difficulty instrument="vocals" rank="40" />
	</song>
	<song id="roundandround">
		<name>Round and Round</name>
		<album>Out of the Cellar</album>
		<genre>Metal</genre>
		<track>3</track>
		<difficulty instrument="band" rank="150" />
		<difficulty instrument="guitar" rank="150" />
		<difficulty instrument="bass" rank="150" />
		<difficulty instrument="drum" rank="150" />
		<difficulty instrument="vocals" rank="150" />
	</song>
	<song id="shoutatthedevil">
		<name>Shout at the Devil</name>
		<album>Shout at the Devil</album>
		<genre>Metal</genre>
		<track>2</track>
		<difficulty instrument="band" rank="170" />
		<difficulty instrument="guitar" rank="170" />
		<difficulty instrument="bass" rank="170" />
		<difficulty instrument="drum" rank="170" />
		<difficulty instrument="vocals" rank="170" />
	</song>
	<song id="smokeonthewater">
		<name>Smoke on the Water</name>
		<album>Machine Head</album>
		<genre>Classic Rock</genre>
		<track>5</track>
		<difficulty instrument="band" rank="270" />
		<difficulty instrument="guitar" rank="270" />
		<difficulty instrument="bass" rank="270" />
		<difficulty instrument="drum" rank="270" />
		<difficulty instrument="vocals" rank="270" />
	</song>
	<song id="stellar">
		<name>Stellar</name>
		<album>Make Yourself</album>
		<genre>Alternative</genre>
		<track>6</track>
		<difficulty instrument="band" rank="70" />
		<difficulty instrument="guitar" rank="70" />
		<difficulty instrument="bass" rank="70" />
		<difficulty instrument="drum" rank="70" />
		<difficulty instrument="vocals" rank="70" />
	</song>
	<song id="stop">
		<name>Stop!</name>
		<album>Ritual de lo Habitual</album>
		<genre>Alternative</genre>
		<track>1</track>
		<difficulty instrument="band" rank="330" />
		<difficulty instrument="guitar" rank="330" />
		<difficulty instrument="bass" rank="330" />
		<difficulty instrument="drum" rank="330" />
		<difficulty instrument="vocals" rank="330" />
	</song>
	<song id="takeitoff">
		<name>Take it Off</name>
		<album>Spend the Night</album>
		<genre>Rock</genre>
		<track>2</track>
		<difficulty instrument="band" rank="130" />
		<difficulty instrument="guitar" rank="130" />
		<difficulty instrument="bass" rank="130" />
		<difficulty instrument="drum" rank="130" />
		<difficulty instrument="vocals" rank="130" />
	</song>
	<song id="takemeout">
		<name>Take Me Out</name>
		<album>Franz Ferdinand</album>
		<genre>Alternative</genre>
		<track>3</track>
		<difficulty instrument="band" rank="50" />
		<difficulty instrument="guitar" rank="50" />
		<difficulty instrument="bass" rank="50" />
		<difficulty instrument="drum" rank="50" />
		<difficulty instrument="vocals" rank="50" />
	</song>
	<song id="thetrooper">
		<name>The Trooper</name>
		<album>Piece of Mind</album>
		<genre>Metal</genre>
		<track>5</track>
		<difficulty instrument="band" rank="460" />
		<difficulty instrument="guitar" rank="460" />
		<difficulty instrument="bass" rank="460" />
		<difficulty instrument="drum" rank="460" />
		<difficulty instrument="vocals" rank="460" />
	</song>
	<song id="thembones">
		<name>Them Bones</name>
		<album>Dirt</album>
		<genre>Grunge</genre>
		<track>1</track>
		<difficulty instrument="band" rank="100" />
		<difficulty instrument="guitar" rank="100" />
		<difficulty instrument="bass" rank="100" />
		<difficulty instrument="drum" rank="100" />
		<difficulty instrument="vocals" rank="100" />
	</song>
	<song id="throughthefire">
		<name>Through the Fire and Flames</name>
		<album>Inhuman Rampage</album>
		<genre>Metal</genre>
		<track>1</track>
		<difficulty instrument="band" rank="580" />
		<difficulty instrument="guitar" rank="580" />
		<difficulty instrument="bass" rank="580" />
		<difficulty instrument="drum" rank="580" />
		<difficulty instrument="vocals" rank="580" />
	</song>
	<song id="thunderkiss65">
		<name>Thunder Kiss '65</name>
		<album>La Sexorcisto: Devil Music, Vol. 1</album>
		<genre>Metal</genre>
		<track>3</track>
		<difficulty instrument="band" rank="300" />
		<difficulty instrument="guitar" rank="300" />
		<difficulty instrument="bass" rank="300" />
		<difficulty instrument="drum" rank="300" />
		<difficulty instrument="vocals" rank="300" />
	</song>
	<song id="trippinonahole">
		<name>Trippin' on a Hole in a Paper Heart</name>
		<album>Tiny Music... Songs from the Vatican Gift Shop</album>
		<genre>Alternative</genre>
		<track>7</track>
		<difficulty instrument="band" rank="350" />
		<difficulty instrument="guitar" rank="350" />
		<difficulty instrument="bass" rank="350" />
		<difficulty instrument="drum" rank="350" />
		<difficulty instrument="vocals" rank="350" />
	</song>
	<song id="unsung">
		<name>Unsung</name>
		<album>Meantime</album>
		<genre>Metal</genre>
		<track>4</track>
		<difficulty instrument="band" rank="190" />
		<difficulty instrument="guitar" rank="190" />
		<difficulty instrument="bass" rank="190" />
		<difficulty instrument="drum" rank="190" />
		<difficulty instrument="vocals" rank="190" />
	</song>
	<song id="woman">
		<name>Woman</name>
		<album>Wolfmother</album>
		<genre>Rock</genre>
		<track>2</track>
		<difficulty instrument="band" rank="90" />
		<difficulty instrument="guitar" rank="90" />
		<difficulty instrument="bass" rank="90" />
		<difficulty instrument="drum" rank="90" />
		<difficulty instrument="vocals" rank="90" />
	</song>
	<song id="yyz">
		<name>YYZ</name>
		<album>Moving Pictures</album>
		<genre>Prog</genre>
		<track>3</track>
		<difficulty instrument="band" rank="400" />
		<difficulty instrument="guitar" rank="400" />
		<difficulty instrument="bass" rank="400" />
		<difficulty instrument="drum" rank="400" />
		<difficulty instrument="vocals" rank="400" />
	</song>
</importdata>
