<importdata>
	<global>
		<idprefix>gh6</idprefix>
		<nameprefix>[GHWOR]</nameprefix>
		<version>1</version>
	</global>
	<deletesong id="SuddenDeathGH6Career" />
	<song id="Again">
	<album>Memento Mori</album>
	</song>
	<song id="Aqualung">
	<album>Aqualung</album>
	</song>
	<song id="BatCountry">
	<album>City of Evil</album>
	</song>
	<song id="BeenCaughtStealing">
	<album>Ritual de lo Habitual</album>
	</song>
	<song id="BlackRain">
	<album>Telephantasm</album>
	</song>
	<song id="BlackWidow">
	<album>The Devil Knows My Name</album>
	</song>
	<song id="BleedItOut">
	<album>Minutes to Midnight</album>
	</song>
	<song id="Bloodlines">
	<album>Dethalbum II</album>
	</song>
	<song id="Bodies">
	<album>Sinner</album>
	</song>
	<song id="BohemianRhapsody">
	<album>A Night at the Opera</album>
	</song>
	<song id="Burn">
	<album>Burn</album>
	</song>
	<song id="BurninForYou">
	<album>Fire of Unknown Origin</album>
	</song>
	<song id="Calling">
	<album>Blackhawks Over Los Angeles</album>
	</song>
	<song id="CallMeTheBreeze">
	<album>Second Helping</album>
	</song>
	<song id="ChemicalWarfare">
	<album>Haunting the Chapel</album>
	</song>
	<song id="CherryBomb">
	<album>The Runaways</album>
	</song>
	<song id="ChildrenOfTheGrave">
	<album>Master of Reality</album>
	</song>
	<song id="Cryin">
	<album>Get a Grip</album>
	</song>
	<song id="DanceDance">
	<album>From Under the Cork Tree</album>
	</song>
	<song id="DancingThroughSunday">
	<album>Dancing Through Sunday</album>
	</song>
	<song id="Deadfall">
	<album>Alive!</album>
	</song>
	<song id="FascinationStreet">
	<album>Disintegration</album>
	</song>
	<song id="FeelGoodDrag">
	<album>New Surrender</album>
	</song>
	<song id="FeelsLikeTheFirstTime">
	<album>Foreigner</album>
	</song>
	<song id="FortunateSon">
	<album>Willy and the Poor Boys</album>
	</song>
	<song id="FreeRide">
	<album>They Only Come Out at Night</album>
	</song>
	<song id="FuryOfTheStorm">
	<album>Sonic Firestorm</album>
	</song>
	<song id="GetFree">
	<album>Highly Evolved</album>
	</song>
	<song id="Ghost">
	<album>Slash</album>
	</song>
	<song id="Graduate">
	<album>Third Eye Blind</album>
	</song>
	<song id="HardToSee">
	<album>War is the Answer</album>
	</song>
	<song id="HolyWars">
	<album>Rust in Peace</album>
	</song>
	<song id="HowYouRemindMe">
	<album>Silver Side Up</album>
	</song>
	<song id="IKnowWhatIAm">
	<album>Baby Darling Doll Face Honey</album>
	</song>
	<song id="ImBroken">
	<album>Far Beyond Driven</album>
	</song>
	<song id="ImNotOk">
	<album>Three Cheers for Sweet Revenge</album>
	</song>
	<song id="Indians">
	<album>Among the Living</album>
	</song>
	<song id="InterstateLoveSong">
	<album>Purple</album>
	</song>
	<song id="ItsOnlyAnotherParsec">
	<album>Mandala</album>
	</song>
	<song id="JetCityWoman">
	<album>Empire</album>
	</song>
	<song id="Lasso">
	<album>Wolfgang Amadeus Phoenix</album>
	</song>
	<song id="ListenToHerHeart">
	<album>You're Gonna Get It!</album>
	</song>
	<song id="LosingMyReligion">
	<album>Out of Time</album>
	</song>
	<song id="LoveGun">
	<album>Love Gun</album>
	</song>
	<song id="LunaticFringe">
	<album>As Far as Siam</album>
	</song>
	<song id="Machinehead">
	<album>Sixteen Stone</album>
	</song>
	<song id="ModernDayCowboy">
	<album>Mechanical Resonance</album>
	</song>
	<song id="MoneyForNothing">
	<album>Brothers in Arms</album>
	</song>
	<song id="Motivation">
	<album>All Killer No Filler</album>
	</song>
	<song id="MoveItOnOver">
	<album>Move It On Over</album>
	</song>
	<song id="Nemesis">
	<album>Doomsday Machine</album>
	</song>
	<song id="NoMoreMrNiceGuy">
	<album>Billion Dollar Babies</album>
	</song>
	<song id="NoSecretsThisYear">
	<album>Swoon</album>
	</song>
	<song id="NoWayBack">
	<album>In Your Honor</album>
	</song>
	<song id="Paranoid">
	<album>Live at Rock and Roll Hall of Fame</album>
	</song>
	<song id="PourSomeSugarOnMe">
	<album>Hysteria</album>
	</song>
	<song id="PrepareForWar">
	<album>Are You Dead Yet?</album>
	</song>
	<song id="Psychosocial">
	<album>All Hope is Gone</album>
	</song>
	<song id="Ravenous">
	<album>Congregation of the Damned</album>
	</song>
	<song id="ReIgnition">
	<album>I Against I</album>
	</song>
	<song id="Renegade">
	<album>Pieces of Eight</album>
	</song>
	<song id="RockInAmerica">
	<album>Midnight Madness</album>
	</song>
	<song id="RockinInTheFreeWorld">
	<album>Freedom</album>
	</song>
	<song id="Rush2112P1">
	<album>2112</album>
	</song>
	<song id="Rush2112P2">
	<album>2112</album>
	</song>
	<song id="Rush2112P3">
	<album>2112</album>
	</song>
	<song id="Rush2112P4">
	<album>2112</album>
	</song>
	<song id="Rush2112P5">
	<album>2112</album>
	</song>
	<song id="Rush2112P6">
	<album>2112</album>
	</song>
	<song id="Rush2112P7">
	<album>2112</album>
	</song>
	<song id="Rush2112P2">
	<album>2112</album>
	</song>
	<song id="Savior">
	<album>Appeal to Reason</album>
	</song>
	<song id="ScumbagBlues">
	<album>Them Crooked Vultures</album>
	</song>
	<song id="SelfEsteemGH6">
	<album>Smash</album>
	</song>
	<song id="SettingFire">
	<album>Miss Machine</album>
	</song>
	<song id="SevenNationArmy">
	<album>Elephant</album>
	</song>
	<song id="SharpDressedMan">
	<album>Eliminator</album>
	</song>
	<song id="SlowHands">
	<album>Antics</album>
	</song>
	<song id="Speeding">
	<album>Mystery Tracks - Archives Volume III</album>
	</song>
	<song id="Spiderman">
	<album>Adios Amigos</album>
	</song>
	<song id="StrayCatBlues">
	<album>Beggars Banquet</album>
	</song>
	<song id="SuddenDeath">
	<album>Guitar Hero: Warriors of Rock</album>
	</song>
	<song id="Suffocate">
	<album>Believe</album>
	</song>
	<song id="TheOutsider">
	<album>Thirteenth Step</album>
	</song>
	<song id="ThisDayWeFight">
	<album>Endgame</album>
	</song>
	<song id="TickTickBoom">
	<album>The Black and White Album</album>
	</song>
	<song id="TiesThatBind">
	<album>Blackbird</album>
	</song>
	<song id="TonesOfHome">
	<album>Blind Melon</album>
	</song>
	<song id="UnskinnyBop">
	<album>Flesh and Blood</album>
	</song>
	<song id="Uprising">
	<album>The Resistance</album>
	</song>
	<song id="WaidmannsHeil">
	<album>Liebe ist fur alle da</album>
	</song>
	<song id="WereNotGonnaTakeIt">
	<album>Stay Hungry</album>
	</song>
	<song id="WhatDoIGet">
	<album>Another Music in a Different Kitchen</album>
	</song>
	<song id="Wish">
	<album>Broken</album>
	</song>
</importdata>
