<?xml version="1.0" encoding="UTF-8" standalone="yes"?>
<app version="1">
	<name>RawkSD Installer</name>
	<coder>The RawkSD Team</coder>
	<version>2.02</version>
	<release_date></release_date>
	<short_description>Rock Band 2 Customs</short_description>
	<long_description>
		This installs the save file which enables your custom songs to work in Rock Band 2. When it is finished, launch Rock Band 2 and rawk out!
		If you download DLC from the Music store, you will have to run this app again for your customs to show up.
		
		(Note: If it gives an error every time you install, run the RawkSD Patcher first)
	</long_description>
</app>