<?xml version="1.0" encoding="UTF-8" standalone="yes"?>
<app version="1">
	<name>RawkSD Patcher</name>
	<coder>The RawkSD Team</coder>
	<version>2.0</version>
	<release_date></release_date>
	<short_description>Prepare for Rawk!</short_description>
	<long_description>
		This patches IOS37 on your Wii to enable Rock Band 2 customs. It must be run once to get started and then again after each Wii system update.
		
		This may not work on future Wii System Updates, though it should not harm your Wii in any way, so there is no harm in running it.
	</long_description>
</app>